{"cursor": 2055168, "stats": {"add_capability": {"ema": 0.6161500000000001, "fail": 0.0, "low_impact": 0.0, "n": 6.0, "reward": 3.6969000000000007, "skill_weight": null}}}