{
  "velocity_risk": -0.002160800467478058,
  "velocity_complexity": -0.0021608004674780025,
  "ema_risk_rate": 0.09384427684528632,
  "ema_complexity_rate": 0.09384427684528632,
  "epoch_count": 288,
  "total_outcomes": 410,
  "last_risk_penalty": 0.05,
  "last_complexity_penalty": 0.05,
  "saved_at": 1773390524.8563194
}