{
  "velocity_risk": 0.019724607045288577,
  "velocity_complexity": 0.0197246070513947,
  "ema_risk_rate": 0.1928497056640179,
  "ema_complexity_rate": 0.1928497056640179,
  "epoch_count": 236,
  "total_outcomes": 342,
  "last_risk_penalty": 0.106151,
  "last_complexity_penalty": 0.106151,
  "saved_at": 1773358486.5676713
}