{
  "velocity_risk": -0.021952923523661502,
  "velocity_complexity": -0.011142106963221777,
  "ema_risk_rate": 0.003887362249519077,
  "ema_complexity_rate": 0.003887362249519077,
  "epoch_count": 84,
  "total_outcomes": 158,
  "last_risk_penalty": 0.070254,
  "last_complexity_penalty": 0.05,
  "saved_at": 1772824368.2322426
}